{"gameObjects":[{"CircleCollider":{"Position":{"angle":1.029167958726e-311,"x":170,"y":260},"radius":50},"Position":{"angle":0,"x":170,"y":260},"Robot":{"rotationAngle":1.029167958726e-311,"speed":8.594082953953e-312},"objectType":2},{"CircleCollider":{"Position":{"angle":180,"x":269,"y":260.0000004630835},"radius":50},"Position":{"angle":180,"x":269,"y":260.0000004630835},"Robot":{"rotationAngle":0,"speed":3},"objectType":2}],"height":0,"width":0}